CREATE DATABASE TIENDA;

USE TIENDA;


CREATE TABLE `Categorias` (
  `IdCategoria` int(5) NOT NULL,
  `NomCategoria` varchar(15) NOT NULL,
  `Descripcion` varchar(100) NOT NULL
);


-- Volcado de datos para la tabla `Categorias`


INSERT INTO `Categorias` (`IdCategoria`, `NomCategoria`, `Descripcion`) VALUES
(1, 'Bebidas', 'Gaseosas, café, té, cervezas y maltas'),
(2, 'Condimentos', 'Salsas dulces y picantes, delicias, comida para untar y aderezos'),
(3, 'Repostería', 'Postres, dulces y pan dulce'),
(4, 'Lácteos', 'Quesos'),
(5, 'Granos/Cereales', 'Pan, galletas, pasta y cereales'),
(6, 'Carnes', 'Carnes preparadas'),
(7, 'Frutas/Verduras', 'Frutas secas y queso de soja'),
(8, 'Pescado/Marisco', 'Pescados, mariscos y algas'),
(9, 'Charcutería', 'Productos de charcutería');

-- --------------------------------------------------------


-- Estructura de tabla para la tabla `Clientes`


CREATE TABLE `Clientes` (
  `IdCliente` varchar(5) NOT NULL,
  `Nombre` varchar(40) DEFAULT NULL,
  `Contacto` varchar(30) DEFAULT NULL,
  `CargoContacto` varchar(30) DEFAULT NULL,
  `Direccion` varchar(60) DEFAULT NULL,
  `Ciudad` varchar(15) DEFAULT NULL,
  `Pais` varchar(15) DEFAULT NULL,
  `Telefono` varchar(24) DEFAULT NULL
);


-- Volcado de datos para la tabla `Clientes`


INSERT INTO `Clientes` (`IdCliente`, `Nombre`, `Contacto`, `CargoContacto`, `Direccion`, `Ciudad`, `Pais`, `Telefono`) VALUES
('ALFKI', 'Alfreds Futterkiste', 'Maria Anders', 'Representante de ventas', 'Obere Str. 57', 'Berlín', 'Alemania', '030-0074321'),
('ANATR', 'Ana Trujillo Emparedados y helados', 'Ana Trujillo', 'Propietario', 'Avda. de la Constitución 2222', 'México D.F.', 'México', '(5) 555-4729'),
('ANTON', 'Antonio Moreno Taquería', 'Antonio Moreno', 'Propietario', 'Mataderos  2312', 'México D.F.', 'México', '(5) 555-3932'),
('AROUT', 'Around the Horn', 'Thomas Hardy', 'Representante de ventas', '120 Hanover Sq.', 'Londres', 'Reino Unido', '(71) 555-7788'),
('BERGS', 'Berglunds snabbkop', 'Christina Berglund', 'Administrador de pedidos', 'Berguvsvagen  8', 'Lules', 'Suecia', '0921-12 34 65'),
('BLAUS', 'Blauer See Delikatessen', 'Hanna Moos', 'Representante de ventas', 'Forsterstr. 57', 'Mannheim', 'Alemania', '0621-08460'),
('BLONP', 'Blondel pure et fils', 'Frederique Citeaux', 'Gerente de marketing', '24, place Klaber', 'Estrasburgo', 'Francia', '88.60.15.31'),
('BOLID', 'Bólido Comidas preparadas', 'Martín Sommer', 'Propietario', 'C/ Araquil, 67', 'Madrid', 'España', '(91) 555 22 82'),
('BONAP', 'Bon app\'', 'Laurence Lebihan', 'Propietario', '12, rue des Bouchers', 'Marsella', 'Francia', '91.24.45.40'),
('BOTTM', 'Bottom-Dollar Markets', 'Elizabeth Lincoln', 'Gerente de contabilidad', '23 Tsawassen Blvd.', 'Tsawassen', 'Canadá', '(604) 555-4729'),
('BSBEV', 'B\'s Beverages', 'Victoria Ashworth', 'Representante de ventas', 'Fauntleroy Circus', 'Londres', 'Reino Unido', '(71) 555-1212'),
('CACTU', 'Cactus Comidas para llevar', 'Patricio Simpson', 'Agente de ventas', 'Cerrito 333', 'Buenos Aires', 'Argentina', '(1) 135-5555'),
('CENTC', 'Centro comercial Moctezuma', 'Francisco Chang', 'Gerente de marketing', 'Sierras de Granada 9993', 'México D.F.', 'México', '(5) 555-3392'),
('CHOPS', 'Chop-suey Chinese', 'Yang Wang', 'Propietario', 'Hauptstr. 29', 'Berna', 'Suiza', '0452-076545'),
('COMMI', 'Comercio Mineiro', 'Pedro Afonso', 'Asistente de ventas', 'Av. dos Lusiadas, 23', 'Sao Paulo', 'Brasil', '(11) 555-7647'),
('CONSH', 'Consolidated Holdings', 'Elizabeth Brown', 'Representante de ventas', 'Berkeley Gardens 12  Brewery ', 'Londres', 'Reino Unido', '(71) 555-2282'),
('DRACD', 'Drachenblut Delikatessen', 'Sven Ottlieb', 'Administrador de pedidos', 'Walserweg 21', 'Aachen', 'Alemania', '0241-039123'),
('DUMON', 'Du monde entier', 'Janine Labrune', 'Propietario', '67, rue des Cinquante Otages', 'Nantes', 'Francia', '40.67.88.88'),
('EASTC', 'Eastern Connection', 'Ann Devon', 'Agente de ventas', '35 King George', 'Londres', 'Reino Unido', '(71) 555-0297'),
('ERNSH', 'Ernst Handel', 'Roland Mendel', 'Gerente de ventas', 'Kirchgasse 6', 'Graz', 'Austria', '7675-3425'),
('FAMIA', 'Familia Arquibaldo', 'Aria Cruz', 'Asistente de marketing', 'Rua Orus, 92', 'Sao Paulo', 'Brasil', '(11) 555-9857'),
('FISSA', 'FISSA Fabrica Inter. Salchichas S.A.', 'Diego Roel', 'Gerente de contabilidad', 'C/ Moralzarzal, 86', 'Madrid', 'España', '(91) 555 94 44'),
('FOLIG', 'Folies gourmandes', 'Martine Rance', 'Asistente de agente de ventas', '184, chausse de Tournai', 'Lille', 'Francia', '20.16.10.16'),
('FOLKO', 'Folk och HB', 'Maria Larsson', 'Propietario', 'Kergatan 24', 'Brocke', 'Suecia', '0695-34 67 21'),
('FRANK', 'Frankenversand', 'Peter Franken', 'Gerente de marketing', 'Berliner Platz 43', 'München', 'Alemania', '089-0877310'),
('FRANR', 'France restauration', 'Carine Schmitt', 'Gerente de marketing', '54, rue Royale', 'Nantes', 'Francia', '40.32.21.21'),
('FRANS', 'Franchi S.p.A.', 'Paolo Accorti', 'Representante de ventas', 'Via Monte Bianco 34', 'Torino', 'Italia', '011-4988260'),
('FURIB', 'Furia Bacalhau e Frutos do Mar', 'Lino Rodriguez ', 'Gerente de ventas', 'Jardim das rosas n. 32', 'Lisboa', 'Portugal', '(1) 354-2534'),
('GALED', 'Galería del gastrónomo', 'Eduardo Saavedra', 'Gerente de marketing', 'Rambla de Cataluña, 23', 'Barcelona', 'España', '(93) 203 4560'),
('GODOS', 'Godos Cocina Típica', 'José Pedro Freyre', 'Gerente de ventas', 'C/ Romero, 33', 'Sevilla', 'España', '(95) 555 82 82'),
('GOURL', 'Gourmet Lanchonetes', 'André Fonseca', 'Asistente de ventas', 'Av. Brasil, 442', 'Campinas', 'Brasil', '(11) 555-9482'),
('GREAL', 'Great Lakes Food Market', 'Howard Snyder', 'Gerente de marketing', '2732 Baker Blvd.', 'Eugenia', 'Estados Unidos', '(503) 555-7555'),
('GROSR', 'GROSELLA-Restaurante', 'Manuel Pereira', 'Propietario', '5 Ave. Los Palos Grandes', 'Caracas', 'Venezuela', '(2) 283-2951'),
('HANAR', 'Hanari Carnes', 'Mario Pontes', 'Gerente de contabilidad', 'Rua do Paio, 67', 'Rio de Janeiro', 'Brasil', '(21) 555-0091'),
('HILAA', 'HILARION-Abastos', 'Carlos Hernández', 'Representante de ventas', 'Carrera 22 con Ave. Carlos Soublette #8-35', 'San Cristóbal', 'Venezuela', '(5) 555-1340'),
('HUNGC', 'Hungry Coyote Import Store', 'Yoshi Latimer', 'Representante de ventas', 'City Center Plaza 516 Main St.', 'Elgin', 'Estados Unidos', '(503) 555-6874'),
('HUNGO', 'Hungry Owl All-Night Grocers', 'Patricia McKenna', 'Asistente de ventas', '8 Johnstown Road', 'Cork', 'Irlanda', '2967 542'),
('ISLAT', 'Island Trading', 'Helen Bennett', 'Gerente de marketing', 'Garden House Crowther Way', 'Cowes', 'Reino Unido', '(198) 555-8888'),
('KOENE', 'Kniglich Essen', 'Philip Cramer', 'Asistente de ventas', 'Maubelstr. 90', 'Brandenburgo', 'Alemania', '0555-09876'),
('LACOR', 'La corne d\'abondance', 'Daniel Tonini', 'Representante de ventas', '67, avenue de l\'Europe', 'Versalles', 'Francia', '30.59.84.10'),
('LAMAI', 'La maison d Asie', 'Annette Roulet', 'Gerente de ventas', '1 rue Alsace-Lorraine', 'Toulouse', 'Francia', '61.77.61.10'),
('LAUGB', 'Laughing Bacchus Wine Cellars', 'Yoshi Tannamuri', 'Asistente de marketing', '1900 Oak St.', 'Vancouver', 'Canadá', '(604) 555-3392'),
('LAZYK', 'Lazy K Kountry Store', 'John Steel', 'Gerente de marketing', '12 Orchestra Terrace', 'Walla Walla', 'Estados Unidos', '(509) 555-7969'),
('LEHMS', 'Lehmanns Marktstand', 'Renate Messner', 'Representante de ventas', 'Magazinweg 7', 'Francfurt', 'Alemania', '069-0245984'),
('LETSS', 'Lets Stop N Shop', 'Jaime Yorres', 'Propietario', '87 Polk St. Suite 5', 'San Francisco', 'Estados Unidos', '(415) 555-5938'),
('LILAS', 'LILA-Supermercado', 'Carlos González', 'Gerente de contabilidad', 'Carrera 52 con Ave. Bolívar #65-98 Llano Largo', 'Barquisimeto', 'Venezuela', '(9) 331-6954'),
('LINOD', 'LINO-Delicateses', 'Felipe Izquierdo', 'Propietario', 'Ave. 5 de Mayo Porlamar', 'I. de Margarita', 'Venezuela', '(8) 34-56-12'),
('LONEP', 'Lonesome Pine Restaurant', 'Fran Wilson', 'Gerente de ventas', '89 Chiaroscuro Rd.', 'Portland', 'Estados Unidos', '(503) 555-9573'),
('MAGAA', 'Magazzini Alimentari Riuniti', 'Giovanni Rovelli', 'Gerente de marketing', 'Via Ludovico il Moro 22', 'Bérgamo', 'Italia', '035-640230'),
('MAISD', 'Maison Dewey', 'Catherine Dewey', 'Agente de ventas', 'Rue Joseph-Bens 532', 'Bruselas', 'Bélgica', '(02) 201 24 67'),
('MEREP', 'More Paillarde', 'Jean Fresnire', 'Asistente de marketing', '43 rue St. Laurent', 'Montreal', 'Canadá', '(514) 555-8054'),
('MORGK', 'Morgenstern Gesundkost', 'Alexander Feuer', 'Asistente de marketing', 'Heerstr. 22', 'Leipzig', 'Alemania', '0342-023176'),
('NORTS', 'North/South', 'Simon Crowther', 'Asistente de ventas', 'South House 300 Queensbridge', 'Londres', 'Reino Unido', '(71) 555-7733'),
('OCEAN', 'Océano Atlántico Ltda.', 'Yvonne Moncada', 'Agente de ventas', 'Ing. Gustavo Moncada 8585 Piso 20-A', 'Buenos Aires', 'Argentina', '(1) 135-5333'),
('OLDWO', 'Old World Delicatessen', 'Rene Phillips', 'Representante de ventas', '2743 Bering St.', 'Anchorage', 'Estados Unidos', '(907) 555-7584'),
('OTTIK', 'Ottilies Kaseladen', 'Henriette Pfalzheim', 'Propietario', 'Mehrheimerstr. 369', 'Kaln', 'Alemania', '0221-0644327'),
('PARIS', 'Paris specialites', 'Marie Bertrand', 'Propietario', '265, boulevard Charonne', 'París', 'Francia', '(1) 42.34.22.66'),
('PERIC', 'Pericles Comidas clásicas', 'Guillermo Fernández', 'Representante de ventas', 'Calle Dr. Jorge Cash 321', 'México D.F.', 'México', '(5) 552-3745'),
('PICCO', 'Piccolo und mehr', 'Georg Pipps', 'Gerente de ventas', 'Geislweg 14', 'Salzburgo', 'Austria', '6562-9722'),
('PRINI', 'Princesa Isabel Vinhos', 'Isabel de Castro', 'Representante de ventas', 'Estrada da sade n. 58', 'Lisboa', 'Portugal', '(1) 356-5634'),
('QUEDE', 'Que Delicia', 'Bernardo Batista', 'Gerente de contabilidad', 'Rua da Panificadora, 12', 'Rio de Janeiro', 'Brasil', '(21) 555-4252'),
('QUEEN', 'Queen Cozinha', 'Lucia Carvalho', 'Asistente de marketing', 'Alameda dos Canarios, 891', 'Sao Paulo', 'Brasil', '(11) 555-1189'),
('QUICK', 'QUICK-Stop', 'Horst Kloss', 'Gerente de contabilidad', 'Taucherstrade 10', 'Cunewalde', 'Alemania', '0372-035188'),
('RANCH', 'Rancho grande', 'Sergio Gutiérrez', 'Representante de ventas', 'Av. del Libertador 900', 'Buenos Aires', 'Argentina', '(1) 123-5555'),
('RATTC', 'Rattlesnake Canyon Grocery', 'Paula Wilson', 'Representante agente ventas', '2817 Milton Dr.', 'Albuquerque', 'Estados Unidos', '(505) 555-5939'),
('REGGC', 'Reggiani Caseifici', 'Maurizio Moroni', 'Asistente de ventas', 'Strada Provinciale 124', 'Reggio Emilia', 'Italia', '0522-556721'),
('RICAR', 'Ricardo Adocicados', 'Janete Limeira', 'Asistente de agente de ventas', 'Av. Copacabana, 267', 'Rio de Janeiro', 'Brasil', '(21) 555-3412'),
('RICSU', 'Richter Supermarkt', 'Michael Holz', 'Gerente de ventas', 'Grenzacherweg 237', 'Génova', 'Suiza', '0897-034214'),
('ROMEY', 'Romero y tomillo', 'Alejandra Camino', 'Gerente de contabilidad', 'Gran Vía, 1', 'Madrid', 'España', '(91) 745 6200'),
('SANTG', 'Sant Gourmet', 'Jonas Bergulfsen', 'Propietario', 'Erling Skakkes gate 78', 'Stavern', 'Noruega', '07-98 92 35'),
('SAVEA', 'Save-a-lot Markets', 'Jose Pavarotti', 'Representante de ventas', '187 Suffolk Ln.', 'Boise', 'Estados Unidos', '(208) 555-8097'),
('SEVES', 'Seven Seas Imports', 'Hari Kumar', 'Gerente de ventas', '90 Wadhurst Rd.', 'Londres', 'Reino Unido', '(71) 555-1717'),
('SIMOB', 'Simons bistro', 'Jytte Petersen', 'Propietario', 'Vinbaltet 34', 'Kabenhavn', 'Dinamarca', '31 12 34 56'),
('SPECD', 'Specialites du monde', 'Dominique Perrier', 'Gerente de marketing', '25, rue Lauriston', 'París', 'Francia', '(1) 47.55.60.10'),
('SPLIR', 'Split Rail Beer ', 'Art Braunschweiger', 'Gerente de ventas', 'P.O. Box 555', 'Lander', 'Estados Unidos', '(307) 555-4680'),
('SUPRD', 'Supremes dolices', 'Pascale Cartrain', 'Gerente de contabilidad', 'Boulevard Tirou, 255', 'Charleroi', 'Bélgica', '(071) 23 67 22 20'),
('THEBI', 'The Big Cheese', 'Liz Nixon', 'Gerente de marketing', '89 Jefferson Way Suite 2', 'Portland', 'Estados Unidos', '(503) 555-3612'),
('THECR', 'The Cracker Box', 'Liu Wong', 'Asistente de marketing', '55 Grizzly Peak Rd.', 'Butte', 'Estados Unidos', '(406) 555-5834'),
('TOMSP', 'Toms Spezialiten', 'Karin Josephs', 'Gerente de marketing', 'Luisenstr. 48', 'Monster', 'Alemania', '0251-031259'),
('TORTU', 'Tortuga Restaurante', 'Miguel Angel Paolino', 'Propietario', 'Avda. Azteca 123', 'México D.F.', 'México', '(5) 555-2933'),
('TRADH', 'Tradio Hipermercados', 'Anabela Domingues', 'Representante de ventas', 'Av. Inés de Castro, 414', 'Sao Paulo', 'Brasil', '(11) 555-2167'),
('TRAIH', 'Trail\'s Head Gourmet Provisioners', 'Helvetius Nagy', 'Asistente de ventas', '722 DaVinci Blvd.', 'Kirkland', 'Estados Unidos', '(206) 555-8257'),
('VAFFE', 'Vaffeljernet', 'Palle Ibsen', 'Gerente de ventas', 'Smagslaget 45', 'orhus', 'Dinamarca', '86 21 32 43'),
('VICTE', 'Victuailles en stock', 'Mary Saveley', 'Agente de ventas', '2, rue du Commerce', 'Lion', 'Francia', '78.32.54.86'),
('VINET', 'Vins et alcools Chevalier', 'Paul Henriot', 'Gerente de contabilidad', '59 rue de l\'Abbaye', 'Reims', 'Francia', '26.47.15.10'),
('WANDK', 'Die Wandernde Kuh', 'Rita Müller', 'Representante de ventas', 'Adenauerallee 900', 'Stuttgart', 'Alemania', '0711-020361'),
('WARTH', 'Wartian Herkku', 'Pirkko Koskitalo', 'Gerente de contabilidad', 'Torikatu 38', 'Oulu', 'Finlandia', '981-443655'),
('WELLI', 'Wellington Importadora', 'Paula Parente', 'Gerente de ventas', 'Rua do Mercado, 12', 'Resende', 'Brasil', '(14) 555-8122'),
('WHITC', 'White Clover Markets', 'Karl Jablonski', 'Propietario', '305 - 14th Ave. S. Suite 3B', 'Seattle', 'Estados Unidos', '(206) 555-4112'),
('WILMK', 'Wilman Kala', 'Matti Karttunen', 'Prop./Asistente marketing', 'Keskuskatu 45', 'Helsinki', 'Finlandia', '90-224 8858'),
('WOLZA', 'Wolski  Zajazd', 'Zbyszek Piestrzeniewicz', 'Propietario', 'ul. Filtrowa 68', 'Warszawa', 'Polonia', '(26) 642-7012');

-- --------------------------------------------------------


-- Estructura de tabla para la tabla `Empleados`


CREATE TABLE `Empleados` (
  `IdEmpleado` int(11) NOT NULL,
  `Apellidos` varchar(40) DEFAULT NULL,
  `Nombre` varchar(25) DEFAULT NULL,
  `Cargo` varchar(25) DEFAULT NULL,
  `FNacimiento` date DEFAULT NULL,
  `FContrato` date DEFAULT NULL,
  `Telefono` varchar(24) DEFAULT NULL,
  `Jefe` int(11) DEFAULT NULL
);


-- Volcado de datos para la tabla `Empleados`


INSERT INTO `Empleados` (`IdEmpleado`, `Apellidos`, `Nombre`, `Cargo`, `FNacimiento`, `FContrato`, `Telefono`, `Jefe`) VALUES
(1, 'Davolio', 'Nancy', 'Representante de ventas', '1960-12-12', '1980-12-12', '(206) 555-9857', 2),
(2, 'Fuller', 'Andrew', 'Vicepresidente comercial', '1964-01-12', '1984-08-20', '(206) 555-9482', NULL),
(3, 'Leverling', 'Janet', 'Representante de ventas', '1970-03-11', '1990-06-01', '(206) 555-3412', 2),
(4, 'Peacock', 'Margaret', 'Representante de ventas', '1968-09-19', '1993-05-03', '(206) 555-8122', 2),
(5, 'Buchanan', 'Steven', 'Gerente de ventas', '1965-04-03', '1993-10-17', '(71) 555-4848', 2),
(6, 'Suyama', 'Michael', 'Representante de ventas', '1963-07-02', '2008-08-10', '(71) 555-7773', 5),
(7, 'King', 'Robert', 'Representante de ventas', '1970-05-29', '2009-01-02', '(71) 555-5598', 5),
(8, 'Callahan', 'Laura', 'Coordinador ventas', '1968-09-01', '1994-05-03', '(206) 555-1189', 2),
(9, 'Dodsworth', 'Anne', 'Representante de ventas', '1979-02-07', '2011-11-15', '(71) 555-4444', 5);

-- --------------------------------------------------------


-- Estructura de tabla para la tabla `LineasPedido`


CREATE TABLE `LineasPedido` (
  `NumLinea` int(11) NOT NULL,
  `NumPedido` int(11) NOT NULL,
  `Producto` int(11) DEFAULT NULL,
  `Precio` float(5,2) DEFAULT NULL,
  `Cantidad` int(11) DEFAULT NULL,
  `Descuento` float(10,2) DEFAULT NULL
);


-- Volcado de datos para la tabla `LineasPedido`


INSERT INTO `LineasPedido` (`NumLinea`, `NumPedido`, `Producto`, `Precio`, `Cantidad`, `Descuento`) VALUES
(1, 10248, 11, 14.00, 12, 0.00),
(1, 10249, 14, 18.60, 9, 0.00),
(1, 10250, 41, 7.70, 10, 0.00),
(1, 10251, 22, 16.80, 6, 0.05),
(1, 10252, 20, 64.80, 40, 0.05),
(1, 10253, 31, 10.00, 20, 0.00),
(1, 10254, 55, 19.20, 21, 0.15),
(1, 10255, 2, 15.20, 20, 0.00),
(1, 10256, 53, 26.20, 15, 0.00),
(1, 10257, 27, 35.10, 25, 0.00),
(1, 10258, 2, 15.20, 50, 0.20),
(1, 10259, 21, 8.00, 10, 0.00),
(1, 10260, 41, 7.70, 16, 0.25),
(1, 10261, 21, 8.00, 20, 0.00),
(1, 10262, 5, 17.00, 12, 0.20),
(1, 10263, 16, 13.90, 60, 0.25),
(1, 10264, 2, 15.20, 35, 0.00),
(1, 10265, 17, 31.20, 30, 0.00),
(1, 10266, 12, 30.40, 12, 0.05),
(1, 10267, 40, 14.70, 50, 0.00),
(1, 10268, 29, 99.00, 10, 0.00),
(1, 10269, 33, 2.00, 60, 0.05),
(1, 10270, 36, 15.20, 30, 0.00),
(1, 10271, 33, 2.00, 24, 0.00),
(1, 10272, 20, 64.80, 6, 0.00),
(1, 10273, 10, 24.80, 24, 0.05),
(1, 10274, 71, 17.20, 20, 0.00),
(1, 10275, 24, 3.60, 12, 0.05),
(1, 10276, 10, 24.80, 15, 0.00),
(1, 10277, 28, 36.40, 20, 0.00),
(1, 10278, 44, 15.50, 16, 0.00),
(1, 10279, 17, 31.20, 15, 0.25),
(1, 10280, 24, 3.60, 12, 0.00),
(1, 10281, 19, 7.30, 1, 0.00),
(1, 10282, 30, 20.70, 6, 0.00),
(1, 10283, 15, 12.40, 20, 0.00),
(1, 10284, 27, 35.10, 15, 0.25),
(1, 10285, 1, 14.40, 45, 0.20),
(1, 10286, 35, 14.40, 100, 0.00),
(1, 10287, 16, 13.90, 40, 0.15),
(1, 10288, 54, 5.90, 10, 0.10),
(1, 10289, 3, 8.00, 30, 0.00),
(1, 10290, 5, 17.00, 20, 0.00),
(1, 10291, 13, 4.80, 20, 0.10),
(1, 10292, 20, 64.80, 20, 0.00),
(1, 10293, 18, 50.00, 12, 0.00),
(1, 10294, 1, 14.40, 18, 0.00),
(1, 10295, 56, 30.40, 4, 0.00),
(1, 10296, 11, 16.80, 12, 0.00),
(1, 10297, 39, 14.40, 60, 0.00),
(1, 10298, 2, 15.20, 40, 0.00),
(1, 10299, 19, 7.30, 15, 0.00),
(1, 10300, 66, 13.60, 30, 0.00),
(1, 10301, 40, 14.70, 10, 0.00),
(1, 10302, 17, 31.20, 40, 0.00),
(1, 10303, 40, 14.70, 40, 0.10),
(1, 10304, 49, 16.00, 30, 0.00),
(1, 10305, 18, 50.00, 25, 0.10),
(1, 10306, 30, 20.70, 10, 0.00),
(1, 10307, 62, 39.40, 10, 0.00),
(1, 10308, 69, 28.80, 1, 0.00),
(1, 10309, 4, 17.60, 20, 0.00),
(1, 10310, 16, 13.90, 10, 0.00),
(1, 10311, 42, 11.20, 6, 0.00),
(1, 10312, 28, 36.40, 4, 0.00),
(1, 10313, 36, 15.20, 12, 0.00),
(1, 10314, 32, 25.60, 40, 0.10),
(1, 10315, 34, 11.20, 14, 0.00),
(1, 10316, 41, 7.70, 10, 0.00),
(1, 10317, 1, 14.40, 20, 0.00),
(1, 10318, 41, 7.70, 20, 0.00),
(1, 10319, 17, 31.20, 8, 0.00),
(1, 10320, 71, 17.20, 30, 0.00),
(1, 10321, 35, 14.40, 10, 0.00),
(1, 10322, 52, 5.60, 20, 0.00),
(1, 10323, 15, 12.40, 5, 0.00),
(1, 10324, 16, 13.90, 21, 0.15),
(1, 10325, 6, 20.00, 6, 0.00),
(1, 10326, 4, 17.60, 24, 0.00),
(1, 10327, 2, 15.20, 25, 0.20),
(1, 10328, 59, 44.00, 9, 0.00),
(1, 10329, 19, 7.30, 10, 0.05),
(1, 10330, 26, 24.90, 50, 0.15),
(1, 10331, 54, 5.90, 15, 0.00),
(1, 10332, 18, 50.00, 40, 0.20),
(1, 10333, 14, 18.60, 10, 0.00),
(1, 10334, 52, 5.60, 8, 0.00),
(1, 10335, 2, 15.20, 7, 0.20),
(1, 10336, 4, 17.60, 18, 0.10),
(1, 10337, 23, 7.20, 40, 0.00),
(1, 10338, 17, 31.20, 20, 0.00),
(1, 10339, 4, 17.60, 10, 0.00),
(1, 10340, 18, 50.00, 20, 0.05),
(1, 10341, 33, 2.00, 8, 0.00),
(1, 10342, 2, 15.20, 24, 0.20),
(1, 10343, 64, 26.60, 50, 0.00),
(1, 10344, 4, 17.60, 35, 0.00),
(1, 10345, 8, 32.00, 70, 0.00),
(1, 10346, 17, 31.20, 36, 0.10),
(1, 10347, 25, 11.20, 10, 0.00),
(1, 10348, 1, 14.40, 15, 0.15),
(1, 10349, 54, 5.90, 24, 0.00),
(1, 10350, 50, 13.00, 15, 0.10),
(1, 10351, 38, 210.80, 20, 0.05),
(1, 10352, 24, 3.60, 10, 0.00),
(1, 10353, 11, 16.80, 12, 0.20),
(1, 10354, 1, 14.40, 12, 0.00),
(1, 10355, 24, 3.60, 25, 0.00),
(1, 10356, 31, 10.00, 30, 0.00),
(1, 10357, 10, 24.80, 30, 0.20),
(1, 10358, 24, 3.60, 10, 0.05),
(1, 10359, 16, 13.90, 56, 0.05),
(1, 10360, 28, 36.40, 30, 0.00),
(1, 10361, 39, 14.40, 54, 0.10),
(1, 10362, 25, 11.20, 50, 0.00),
(1, 10363, 31, 10.00, 20, 0.00),
(1, 10364, 69, 28.80, 30, 0.00),
(1, 10365, 11, 16.80, 24, 0.00),
(1, 10366, 65, 16.80, 5, 0.00),
(1, 10367, 34, 11.20, 36, 0.00),
(1, 10368, 21, 8.00, 5, 0.10),
(1, 10369, 29, 99.00, 20, 0.00),
(1, 10370, 1, 14.40, 15, 0.15),
(1, 10371, 36, 15.20, 6, 0.20),
(1, 10372, 20, 64.80, 12, 0.25),
(1, 10373, 58, 10.60, 80, 0.20),
(1, 10374, 31, 10.00, 30, 0.00),
(1, 10375, 14, 18.60, 15, 0.00),
(1, 10376, 31, 10.00, 42, 0.05),
(1, 10377, 28, 36.40, 20, 0.15),
(1, 10378, 71, 17.20, 6, 0.00),
(1, 10379, 41, 7.70, 8, 0.10),
(1, 10380, 30, 20.70, 18, 0.10),
(1, 10381, 74, 8.00, 14, 0.00),
(1, 10382, 5, 17.00, 32, 0.00),
(1, 10383, 13, 4.80, 20, 0.00),
(1, 10384, 20, 64.80, 28, 0.00),
(1, 10385, 7, 24.00, 10, 0.20),
(1, 10386, 24, 3.60, 15, 0.00),
(1, 10387, 24, 3.60, 15, 0.00),
(1, 10388, 45, 7.60, 15, 0.20),
(1, 10389, 10, 24.80, 16, 0.00),
(1, 10390, 31, 10.00, 60, 0.10),
(1, 10391, 13, 4.80, 18, 0.00),
(1, 10392, 69, 28.80, 50, 0.00),
(1, 10393, 2, 15.20, 25, 0.25),
(1, 10394, 13, 4.80, 10, 0.00),
(1, 10395, 46, 9.60, 28, 0.10),
(1, 10396, 23, 7.20, 40, 0.00),
(1, 10397, 21, 8.00, 10, 0.15),
(1, 10398, 35, 14.40, 30, 0.00),
(1, 10399, 68, 10.00, 60, 0.00),
(1, 10400, 29, 99.00, 21, 0.00),
(1, 10401, 30, 20.70, 18, 0.00),
(1, 10402, 23, 7.20, 60, 0.00),
(1, 10403, 16, 13.90, 21, 0.15),
(1, 10404, 26, 24.90, 30, 0.05),
(1, 10405, 3, 8.00, 50, 0.00),
(1, 10406, 1, 14.40, 10, 0.00),
(1, 10407, 11, 16.80, 30, 0.00),
(1, 10408, 37, 20.80, 10, 0.00),
(1, 10409, 14, 18.60, 12, 0.00),
(1, 10410, 33, 2.00, 49, 0.00),
(1, 10411, 41, 7.70, 25, 0.20),
(1, 10412, 14, 18.60, 20, 0.10),
(1, 10413, 1, 14.40, 24, 0.00),
(1, 10414, 19, 7.30, 18, 0.05),
(1, 10415, 17, 31.20, 2, 0.00),
(1, 10416, 19, 7.30, 20, 0.00),
(1, 10417, 38, 210.80, 50, 0.00),
(1, 10418, 2, 15.20, 60, 0.00),
(1, 10419, 60, 27.20, 60, 0.05),
(1, 10420, 9, 77.60, 20, 0.10),
(1, 10421, 19, 7.30, 4, 0.15),
(1, 10422, 26, 24.90, 2, 0.00),
(1, 10423, 31, 10.00, 14, 0.00),
(1, 10424, 35, 14.40, 60, 0.20),
(1, 10425, 55, 19.20, 10, 0.25),
(1, 10426, 56, 30.40, 5, 0.00),
(1, 10427, 14, 18.60, 35, 0.00),
(1, 10428, 46, 9.60, 20, 0.00),
(1, 10429, 50, 13.00, 40, 0.00),
(1, 10430, 17, 31.20, 45, 0.20),
(1, 10431, 17, 31.20, 50, 0.25),
(1, 10432, 26, 24.90, 10, 0.00),
(1, 10433, 56, 30.40, 28, 0.00),
(1, 10434, 11, 16.80, 6, 0.00),
(1, 10435, 2, 15.20, 10, 0.00),
(1, 10436, 46, 9.60, 5, 0.00),
(1, 10437, 53, 26.20, 15, 0.00),
(1, 10438, 19, 7.30, 15, 0.20),
(1, 10439, 12, 30.40, 15, 0.00),
(1, 10440, 2, 15.20, 45, 0.15),
(1, 10441, 27, 35.10, 50, 0.00),
(1, 10442, 11, 16.80, 30, 0.00),
(1, 10443, 11, 16.80, 6, 0.20),
(1, 10444, 17, 31.20, 10, 0.00),
(1, 10445, 39, 14.40, 6, 0.00),
(1, 10446, 19, 7.30, 12, 0.10),
(1, 10447, 19, 7.30, 40, 0.00),
(1, 10448, 26, 24.90, 6, 0.00),
(1, 10449, 10, 24.80, 14, 0.00),
(1, 10450, 10, 24.80, 20, 0.20),
(1, 10451, 55, 19.20, 120, 0.10),
(1, 10452, 28, 36.40, 15, 0.00),
(1, 10453, 48, 10.20, 15, 0.10),
(1, 10454, 16, 13.90, 20, 0.20),
(1, 10455, 39, 14.40, 20, 0.00),
(1, 10456, 21, 8.00, 40, 0.15),
(1, 10457, 59, 44.00, 36, 0.00),
(1, 10458, 26, 24.90, 30, 0.00),
(1, 10459, 7, 24.00, 16, 0.05),
(1, 10460, 68, 10.00, 21, 0.25),
(1, 10461, 21, 8.00, 40, 0.25),
(1, 10462, 13, 4.80, 1, 0.00),
(1, 10463, 19, 7.30, 21, 0.00),
(1, 10464, 4, 17.60, 16, 0.20),
(1, 10465, 24, 3.60, 25, 0.00),
(1, 10466, 11, 16.80, 10, 0.00),
(1, 10467, 24, 3.60, 28, 0.00),
(1, 10468, 30, 20.70, 8, 0.00),
(1, 10469, 2, 15.20, 40, 0.15),
(1, 10470, 18, 50.00, 30, 0.00),
(1, 10471, 7, 24.00, 30, 0.00),
(1, 10472, 24, 3.60, 80, 0.05),
(1, 10473, 33, 2.00, 12, 0.00),
(1, 10474, 14, 18.60, 12, 0.00),
(1, 10475, 31, 10.00, 35, 0.15),
(1, 10476, 55, 19.20, 2, 0.05),
(1, 10477, 1, 14.40, 15, 0.00),
(1, 10478, 10, 24.80, 20, 0.05),
(1, 10479, 38, 210.80, 30, 0.00),
(1, 10480, 47, 7.60, 30, 0.00),
(1, 10481, 49, 16.00, 24, 0.00),
(1, 10482, 40, 14.70, 10, 0.00),
(1, 10483, 34, 11.20, 35, 0.05),
(1, 10484, 21, 8.00, 14, 0.00),
(1, 10485, 2, 15.20, 20, 0.10),
(1, 10486, 11, 16.80, 5, 0.00),
(1, 10487, 19, 7.30, 5, 0.00),
(1, 10488, 59, 44.00, 30, 0.00),
(1, 10489, 11, 16.80, 15, 0.25),
(1, 10490, 59, 44.00, 60, 0.00),
(1, 10491, 44, 15.50, 15, 0.15),
(2, 10248, 42, 9.80, 10, 0.00),
(2, 10249, 51, 42.40, 40, 0.00),
(2, 10250, 51, 42.40, 35, 0.15),
(2, 10251, 57, 15.60, 15, 0.05),
(2, 10252, 33, 2.00, 25, 0.05),
(2, 10253, 39, 14.40, 42, 0.00),
(2, 10254, 74, 8.00, 21, 0.00),
(2, 10255, 16, 13.90, 35, 0.00),
(2, 10256, 77, 10.40, 12, 0.00),
(2, 10257, 39, 14.40, 6, 0.00),
(2, 10258, 5, 17.00, 65, 0.20),
(2, 10259, 37, 20.80, 1, 0.00),
(2, 10260, 57, 15.60, 50, 0.00),
(2, 10261, 35, 14.40, 20, 0.00),
(2, 10262, 7, 24.00, 15, 0.00),
(2, 10263, 24, 3.60, 28, 0.00),
(2, 10264, 41, 7.70, 25, 0.15),
(2, 10265, 70, 12.00, 20, 0.00),
(2, 10267, 59, 44.00, 70, 0.15),
(2, 10268, 72, 27.80, 4, 0.00),
(2, 10269, 72, 27.80, 20, 0.05),
(2, 10270, 43, 36.80, 25, 0.00),
(2, 10272, 31, 10.00, 40, 0.00),
(2, 10273, 31, 10.00, 15, 0.05),
(2, 10274, 72, 27.80, 7, 0.00),
(2, 10275, 59, 44.00, 6, 0.05),
(2, 10276, 13, 4.80, 10, 0.00),
(2, 10277, 62, 39.40, 12, 0.00),
(2, 10278, 59, 44.00, 15, 0.00),
(2, 10280, 55, 19.20, 20, 0.00),
(2, 10281, 24, 3.60, 6, 0.00),
(2, 10282, 57, 15.60, 2, 0.00),
(2, 10283, 19, 7.30, 18, 0.00),
(2, 10284, 44, 15.50, 21, 0.00),
(2, 10285, 40, 14.70, 40, 0.20),
(2, 10286, 62, 39.40, 40, 0.00),
(2, 10287, 34, 11.20, 20, 0.00),
(2, 10288, 68, 10.00, 3, 0.10),
(2, 10289, 64, 26.60, 9, 0.00),
(2, 10290, 29, 99.00, 15, 0.00),
(2, 10291, 44, 15.50, 24, 0.10),
(2, 10293, 24, 3.60, 10, 0.00),
(2, 10294, 17, 31.20, 15, 0.00),
(2, 10296, 16, 13.90, 30, 0.00),
(2, 10297, 72, 27.80, 20, 0.00),
(2, 10298, 36, 15.20, 40, 0.25),
(2, 10299, 70, 12.00, 20, 0.00),
(2, 10300, 68, 10.00, 20, 0.00),
(2, 10301, 56, 30.40, 20, 0.00),
(2, 10302, 28, 36.40, 28, 0.00),
(2, 10303, 65, 16.80, 30, 0.10),
(2, 10304, 59, 44.00, 10, 0.00),
(2, 10305, 29, 99.00, 25, 0.10),
(2, 10306, 53, 26.20, 10, 0.00),
(2, 10307, 68, 10.00, 3, 0.00),
(2, 10308, 70, 12.00, 5, 0.00),
(2, 10309, 6, 20.00, 30, 0.00),
(2, 10310, 62, 39.40, 5, 0.00),
(2, 10311, 69, 28.80, 7, 0.00),
(2, 10312, 43, 36.80, 24, 0.00),
(2, 10314, 58, 10.60, 30, 0.10),
(2, 10315, 70, 12.00, 30, 0.00),
(2, 10316, 62, 39.40, 70, 0.00),
(2, 10318, 76, 14.40, 6, 0.00),
(2, 10319, 28, 36.40, 14, 0.00),
(2, 10323, 25, 11.20, 4, 0.00),
(2, 10324, 35, 14.40, 70, 0.15),
(2, 10325, 13, 4.80, 12, 0.00),
(2, 10326, 57, 15.60, 16, 0.00),
(2, 10327, 11, 16.80, 50, 0.20),
(2, 10328, 65, 16.80, 40, 0.00),
(2, 10329, 30, 20.70, 8, 0.05),
(2, 10330, 72, 27.80, 25, 0.15),
(2, 10332, 42, 11.20, 10, 0.20),
(2, 10333, 21, 8.00, 10, 0.10),
(2, 10334, 68, 10.00, 10, 0.00),
(2, 10335, 31, 10.00, 25, 0.20),
(2, 10337, 26, 24.90, 24, 0.00),
(2, 10338, 30, 20.70, 15, 0.00),
(2, 10339, 17, 31.20, 70, 0.05),
(2, 10340, 41, 7.70, 12, 0.05),
(2, 10341, 59, 44.00, 9, 0.15),
(2, 10342, 31, 10.00, 56, 0.20),
(2, 10343, 68, 10.00, 4, 0.05),
(2, 10344, 8, 32.00, 70, 0.25),
(2, 10345, 19, 7.30, 80, 0.00),
(2, 10346, 56, 30.40, 20, 0.00),
(2, 10347, 39, 14.40, 50, 0.15),
(2, 10348, 23, 7.20, 25, 0.00),
(2, 10350, 69, 28.80, 18, 0.10),
(2, 10351, 41, 7.70, 13, 0.00),
(2, 10352, 54, 5.90, 20, 0.15),
(2, 10353, 38, 210.80, 50, 0.20),
(2, 10354, 29, 99.00, 4, 0.00),
(2, 10355, 57, 15.60, 25, 0.00),
(2, 10356, 55, 19.20, 12, 0.00),
(2, 10357, 26, 24.90, 16, 0.00),
(2, 10358, 34, 11.20, 10, 0.05),
(2, 10359, 31, 10.00, 70, 0.05),
(2, 10360, 29, 99.00, 35, 0.00),
(2, 10361, 60, 27.20, 55, 0.10),
(2, 10362, 51, 42.40, 20, 0.00),
(2, 10363, 75, 6.20, 12, 0.00),
(2, 10364, 71, 17.20, 5, 0.00),
(2, 10366, 77, 10.40, 5, 0.00),
(2, 10367, 54, 5.90, 18, 0.00),
(2, 10368, 28, 36.40, 13, 0.10),
(2, 10369, 56, 30.40, 18, 0.25),
(2, 10370, 64, 26.60, 30, 0.00),
(2, 10372, 38, 210.80, 40, 0.25),
(2, 10373, 71, 17.20, 50, 0.20),
(2, 10374, 58, 10.60, 15, 0.00),
(2, 10375, 54, 5.90, 10, 0.00),
(2, 10377, 39, 14.40, 20, 0.15),
(2, 10379, 63, 35.10, 16, 0.10),
(2, 10380, 53, 26.20, 20, 0.10),
(2, 10382, 18, 50.00, 9, 0.00),
(2, 10383, 50, 13.00, 15, 0.00),
(2, 10384, 60, 27.20, 15, 0.00),
(2, 10385, 60, 27.20, 20, 0.20),
(2, 10386, 34, 11.20, 10, 0.00),
(2, 10387, 28, 36.40, 6, 0.00),
(2, 10388, 52, 5.60, 20, 0.20),
(2, 10389, 55, 19.20, 15, 0.00),
(2, 10390, 35, 14.40, 40, 0.10),
(2, 10393, 14, 18.60, 42, 0.25),
(2, 10394, 62, 39.40, 10, 0.00),
(2, 10395, 53, 26.20, 70, 0.10),
(2, 10396, 71, 17.20, 60, 0.00),
(2, 10397, 51, 42.40, 18, 0.15),
(2, 10399, 71, 17.20, 30, 0.00),
(2, 10400, 35, 14.40, 35, 0.00),
(2, 10401, 56, 30.40, 70, 0.00),
(2, 10402, 63, 35.10, 65, 0.00),
(2, 10403, 48, 10.20, 70, 0.15),
(2, 10404, 42, 11.20, 40, 0.05),
(2, 10406, 21, 8.00, 30, 0.10),
(2, 10407, 69, 28.80, 15, 0.00),
(2, 10408, 54, 5.90, 6, 0.00),
(2, 10409, 21, 8.00, 12, 0.00),
(2, 10410, 59, 44.00, 16, 0.00),
(2, 10411, 44, 15.50, 40, 0.20),
(2, 10413, 62, 39.40, 40, 0.00),
(2, 10414, 33, 2.00, 50, 0.00),
(2, 10415, 33, 2.00, 20, 0.00),
(2, 10416, 53, 26.20, 10, 0.00),
(2, 10417, 46, 9.60, 2, 0.25),
(2, 10418, 47, 7.60, 55, 0.00),
(2, 10419, 69, 28.80, 20, 0.05),
(2, 10420, 13, 4.80, 2, 0.10),
(2, 10421, 26, 24.90, 30, 0.00),
(2, 10423, 59, 44.00, 20, 0.00),
(2, 10424, 38, 210.80, 49, 0.20),
(2, 10425, 76, 14.40, 20, 0.25),
(2, 10426, 64, 26.60, 7, 0.00),
(2, 10429, 63, 35.10, 35, 0.25),
(2, 10430, 21, 8.00, 50, 0.00),
(2, 10431, 40, 14.70, 50, 0.25),
(2, 10432, 54, 5.90, 40, 0.00),
(2, 10434, 76, 14.40, 18, 0.15),
(2, 10435, 22, 16.80, 12, 0.00),
(2, 10436, 56, 30.40, 40, 0.10),
(2, 10438, 34, 11.20, 20, 0.20),
(2, 10439, 16, 13.90, 16, 0.00),
(2, 10440, 16, 13.90, 49, 0.15),
(2, 10442, 54, 5.90, 80, 0.00),
(2, 10443, 28, 36.40, 12, 0.00),
(2, 10444, 26, 24.90, 15, 0.00),
(2, 10445, 54, 5.90, 15, 0.00),
(2, 10446, 24, 3.60, 20, 0.10),
(2, 10447, 65, 16.80, 35, 0.00),
(2, 10448, 40, 14.70, 20, 0.00),
(2, 10449, 52, 5.60, 20, 0.00),
(2, 10450, 54, 5.90, 6, 0.20),
(2, 10451, 64, 26.60, 35, 0.10),
(2, 10452, 44, 15.50, 100, 0.05),
(2, 10453, 70, 12.00, 25, 0.10),
(2, 10454, 33, 2.00, 20, 0.20),
(2, 10455, 53, 26.20, 50, 0.00),
(2, 10456, 49, 16.00, 21, 0.15),
(2, 10458, 28, 36.40, 30, 0.00),
(2, 10459, 46, 9.60, 20, 0.05),
(2, 10460, 75, 6.20, 4, 0.25),
(2, 10461, 30, 20.70, 28, 0.25),
(2, 10462, 23, 7.20, 21, 0.00),
(2, 10463, 42, 11.20, 50, 0.00),
(2, 10464, 43, 36.80, 3, 0.00),
(2, 10465, 29, 99.00, 18, 0.10),
(2, 10466, 46, 9.60, 5, 0.00),
(2, 10467, 25, 11.20, 12, 0.00),
(2, 10468, 43, 36.80, 15, 0.00),
(2, 10469, 16, 13.90, 35, 0.15),
(2, 10470, 23, 7.20, 15, 0.00),
(2, 10471, 56, 30.40, 20, 0.00),
(2, 10472, 51, 42.40, 18, 0.00),
(2, 10473, 71, 17.20, 12, 0.00),
(2, 10474, 28, 36.40, 18, 0.00),
(2, 10475, 66, 13.60, 60, 0.15),
(2, 10476, 70, 12.00, 12, 0.00),
(2, 10477, 21, 8.00, 21, 0.25),
(2, 10479, 53, 26.20, 28, 0.00),
(2, 10480, 59, 44.00, 12, 0.00),
(2, 10481, 60, 27.20, 40, 0.00),
(2, 10483, 77, 10.40, 30, 0.05),
(2, 10484, 40, 14.70, 10, 0.00),
(2, 10485, 3, 8.00, 20, 0.10),
(2, 10486, 51, 42.40, 25, 0.00),
(2, 10487, 26, 24.90, 30, 0.00),
(2, 10488, 73, 12.00, 20, 0.20),
(2, 10489, 16, 13.90, 18, 0.00),
(2, 10490, 68, 10.00, 30, 0.00),
(2, 10491, 77, 10.40, 7, 0.15),
(3, 10248, 72, 34.80, 5, 0.00),
(3, 10250, 65, 16.80, 15, 0.15),
(3, 10251, 65, 16.80, 20, 0.00),
(3, 10252, 60, 27.20, 40, 0.00),
(3, 10253, 49, 16.00, 40, 0.00),
(3, 10255, 36, 15.20, 25, 0.00),
(3, 10257, 77, 10.40, 15, 0.00),
(3, 10258, 32, 25.60, 6, 0.20),
(3, 10260, 62, 39.40, 15, 0.25),
(3, 10262, 56, 30.40, 2, 0.00),
(3, 10263, 30, 20.70, 60, 0.25),
(3, 10267, 76, 14.40, 15, 0.15),
(3, 10272, 72, 27.80, 24, 0.00),
(3, 10273, 33, 2.00, 20, 0.00),
(3, 10278, 63, 35.10, 8, 0.00),
(3, 10280, 75, 6.20, 30, 0.00),
(3, 10281, 35, 14.40, 4, 0.00),
(3, 10283, 60, 27.20, 35, 0.00),
(3, 10284, 60, 27.20, 20, 0.25),
(3, 10285, 53, 26.20, 36, 0.20),
(3, 10287, 46, 9.60, 15, 0.15),
(3, 10290, 49, 16.00, 15, 0.00),
(3, 10291, 51, 42.40, 2, 0.10),
(3, 10293, 63, 35.10, 5, 0.00),
(3, 10294, 43, 36.80, 15, 0.00),
(3, 10296, 69, 28.80, 15, 0.00),
(3, 10298, 59, 44.00, 30, 0.25),
(3, 10302, 43, 36.80, 12, 0.00),
(3, 10303, 68, 10.00, 15, 0.10),
(3, 10304, 71, 17.20, 2, 0.00),
(3, 10305, 39, 14.40, 30, 0.10),
(3, 10306, 54, 5.90, 5, 0.00),
(3, 10309, 42, 11.20, 2, 0.00),
(3, 10312, 53, 26.20, 20, 0.00),
(3, 10314, 62, 39.40, 25, 0.10),
(3, 10319, 76, 14.40, 30, 0.00),
(3, 10323, 39, 14.40, 4, 0.00),
(3, 10324, 46, 9.60, 30, 0.00),
(3, 10325, 14, 18.60, 9, 0.00),
(3, 10326, 75, 6.20, 50, 0.00),
(3, 10327, 30, 20.70, 35, 0.20),
(3, 10328, 68, 10.00, 10, 0.00),
(3, 10329, 38, 210.80, 20, 0.05),
(3, 10332, 47, 7.60, 16, 0.20),
(3, 10333, 71, 17.20, 40, 0.10),
(3, 10335, 32, 25.60, 6, 0.20),
(3, 10337, 36, 15.20, 20, 0.00),
(3, 10339, 62, 39.40, 28, 0.00),
(3, 10340, 43, 36.80, 40, 0.05),
(3, 10342, 36, 15.20, 40, 0.20),
(3, 10343, 76, 14.40, 15, 0.00),
(3, 10345, 42, 11.20, 9, 0.00),
(3, 10347, 40, 14.70, 4, 0.00),
(3, 10351, 44, 15.50, 77, 0.05),
(3, 10356, 69, 28.80, 20, 0.00),
(3, 10357, 60, 27.20, 8, 0.20),
(3, 10358, 36, 15.20, 20, 0.05),
(3, 10359, 60, 27.20, 80, 0.05),
(3, 10360, 38, 210.80, 10, 0.00),
(3, 10362, 54, 5.90, 24, 0.00),
(3, 10363, 76, 14.40, 12, 0.00),
(3, 10367, 65, 16.80, 15, 0.00),
(3, 10368, 57, 15.60, 25, 0.00),
(3, 10370, 74, 8.00, 20, 0.15),
(3, 10372, 60, 27.20, 70, 0.25),
(3, 10379, 65, 16.80, 20, 0.10),
(3, 10380, 60, 27.20, 6, 0.10),
(3, 10382, 29, 99.00, 14, 0.00),
(3, 10383, 56, 30.40, 20, 0.00),
(3, 10385, 68, 10.00, 8, 0.20),
(3, 10387, 59, 44.00, 12, 0.00),
(3, 10388, 53, 26.20, 40, 0.00),
(3, 10389, 62, 39.40, 20, 0.00),
(3, 10390, 46, 9.60, 45, 0.00),
(3, 10393, 25, 11.20, 7, 0.25),
(3, 10395, 69, 28.80, 8, 0.00),
(3, 10396, 72, 27.80, 21, 0.00),
(3, 10398, 55, 19.20, 120, 0.10),
(3, 10399, 76, 14.40, 35, 0.00),
(3, 10400, 49, 16.00, 30, 0.00),
(3, 10401, 65, 16.80, 20, 0.00),
(3, 10404, 49, 16.00, 30, 0.05),
(3, 10406, 28, 36.40, 42, 0.10),
(3, 10407, 71, 17.20, 15, 0.00),
(3, 10408, 62, 39.40, 35, 0.00),
(3, 10411, 59, 44.00, 9, 0.20),
(3, 10413, 76, 14.40, 14, 0.00),
(3, 10416, 57, 15.60, 20, 0.00),
(3, 10417, 68, 10.00, 36, 0.25),
(3, 10418, 61, 22.80, 16, 0.00),
(3, 10420, 70, 12.00, 8, 0.10),
(3, 10421, 53, 26.20, 15, 0.15),
(3, 10424, 68, 10.00, 30, 0.20),
(3, 10430, 56, 30.40, 30, 0.00),
(3, 10431, 47, 7.60, 30, 0.25),
(3, 10435, 72, 27.80, 10, 0.00),
(3, 10436, 64, 26.60, 30, 0.10),
(3, 10438, 57, 15.60, 15, 0.20),
(3, 10439, 64, 26.60, 6, 0.00),
(3, 10440, 29, 99.00, 24, 0.15),
(3, 10442, 66, 13.60, 60, 0.00),
(3, 10444, 35, 14.40, 8, 0.00),
(3, 10446, 31, 10.00, 3, 0.10),
(3, 10447, 71, 17.20, 2, 0.00),
(3, 10449, 62, 39.40, 35, 0.00),
(3, 10451, 65, 16.80, 28, 0.10),
(3, 10454, 46, 9.60, 10, 0.20),
(3, 10455, 61, 22.80, 25, 0.00),
(3, 10458, 43, 36.80, 20, 0.00),
(3, 10459, 72, 27.80, 40, 0.00),
(3, 10461, 55, 19.20, 60, 0.25),
(3, 10464, 56, 30.40, 30, 0.20),
(3, 10465, 40, 14.70, 20, 0.00),
(3, 10469, 44, 15.50, 2, 0.15),
(3, 10470, 64, 26.60, 8, 0.00),
(3, 10474, 40, 14.70, 21, 0.00),
(3, 10475, 76, 14.40, 42, 0.15),
(3, 10477, 39, 14.40, 20, 0.25),
(3, 10479, 59, 44.00, 60, 0.00),
(3, 10484, 51, 42.40, 3, 0.00),
(3, 10485, 55, 19.20, 30, 0.10),
(3, 10486, 74, 8.00, 16, 0.00),
(3, 10487, 54, 5.90, 24, 0.25),
(3, 10490, 75, 6.20, 36, 0.00),
(4, 10254, 24, 3.60, 15, 0.15),
(4, 10255, 59, 44.00, 30, 0.00),
(4, 10260, 70, 12.00, 21, 0.25),
(4, 10263, 74, 8.00, 36, 0.25),
(4, 10273, 40, 14.70, 60, 0.05),
(4, 10278, 73, 12.00, 25, 0.00),
(4, 10283, 72, 27.80, 3, 0.00),
(4, 10284, 67, 11.20, 5, 0.25),
(4, 10290, 77, 10.40, 10, 0.00),
(4, 10293, 75, 6.20, 6, 0.00),
(4, 10294, 60, 27.20, 21, 0.00),
(4, 10298, 62, 39.40, 15, 0.00),
(4, 10309, 43, 36.80, 20, 0.00),
(4, 10312, 75, 6.20, 10, 0.00),
(4, 10324, 59, 44.00, 40, 0.15),
(4, 10325, 31, 10.00, 4, 0.00),
(4, 10327, 58, 10.60, 30, 0.20),
(4, 10329, 56, 30.40, 12, 0.05),
(4, 10335, 51, 42.40, 48, 0.20),
(4, 10337, 37, 20.80, 28, 0.00),
(4, 10342, 55, 19.20, 40, 0.20),
(4, 10347, 75, 6.20, 6, 0.15),
(4, 10351, 65, 16.80, 10, 0.05),
(4, 10360, 49, 16.00, 35, 0.00),
(4, 10367, 77, 10.40, 7, 0.00),
(4, 10368, 64, 26.60, 35, 0.10),
(4, 10372, 72, 27.80, 42, 0.25),
(4, 10380, 70, 12.00, 30, 0.00),
(4, 10382, 33, 2.00, 60, 0.00),
(4, 10387, 71, 17.20, 15, 0.00),
(4, 10389, 70, 12.00, 30, 0.00),
(4, 10390, 72, 27.80, 24, 0.10),
(4, 10393, 26, 24.90, 70, 0.25),
(4, 10399, 77, 10.40, 14, 0.00),
(4, 10401, 71, 17.20, 60, 0.00),
(4, 10406, 36, 15.20, 5, 0.10),
(4, 10417, 77, 10.40, 35, 0.00),
(4, 10418, 74, 8.00, 15, 0.00),
(4, 10420, 73, 12.00, 20, 0.10),
(4, 10421, 77, 10.40, 10, 0.15),
(4, 10430, 59, 44.00, 70, 0.20),
(4, 10436, 75, 6.20, 24, 0.10),
(4, 10439, 74, 8.00, 30, 0.00),
(4, 10440, 61, 22.80, 90, 0.15),
(4, 10444, 41, 7.70, 30, 0.00),
(4, 10446, 52, 5.60, 15, 0.10),
(4, 10451, 77, 10.40, 55, 0.10),
(4, 10455, 71, 17.20, 30, 0.00),
(4, 10458, 56, 30.40, 15, 0.00),
(4, 10464, 60, 27.20, 20, 0.00),
(4, 10465, 45, 7.60, 30, 0.10),
(4, 10474, 75, 6.20, 10, 0.00),
(4, 10479, 64, 26.60, 30, 0.00),
(4, 10485, 70, 12.00, 60, 0.10),
(5, 10273, 76, 14.40, 33, 0.05),
(5, 10294, 75, 6.20, 6, 0.00),
(5, 10309, 71, 17.20, 3, 0.00),
(5, 10324, 63, 35.10, 80, 0.15),
(5, 10325, 72, 27.80, 40, 0.00),
(5, 10337, 72, 27.80, 25, 0.00),
(5, 10360, 54, 5.90, 28, 0.00),
(5, 10382, 74, 8.00, 50, 0.00),
(5, 10393, 31, 10.00, 32, 0.00),
(5, 10406, 40, 14.70, 2, 0.10),
(5, 10458, 71, 17.20, 50, 0.00),
(5, 10465, 50, 13.00, 25, 0.00);

-- --------------------------------------------------------


-- Estructura de tabla para la tabla `Pedidos`


CREATE TABLE `Pedidos` (
  `NumPedido` int(11) NOT NULL,
  `Cliente` varchar(5) DEFAULT NULL,
  `Empleado` int(11) DEFAULT NULL,
  `Fecha` date DEFAULT NULL
);


-- Volcado de datos para la tabla `Pedidos`


INSERT INTO `Pedidos` (`NumPedido`, `Cliente`, `Empleado`, `Fecha`) VALUES
(10248, 'WILMK', 5, '2016-07-04'),
(10249, 'TOMSP', 6, '2016-07-05'),
(10250, 'HANAR', 4, '2016-07-06'),
(10251, 'VICTE', 3, '2016-07-07'),
(10252, 'SUPRD', 4, '2016-07-09'),
(10253, 'HANAR', 3, '2016-07-10'),
(10254, 'CHOPS', 5, '2016-07-11'),
(10255, 'RICSU', 9, '2016-07-12'),
(10256, 'WELLI', 3, '2016-07-13'),
(10257, 'HILAA', 4, '2016-07-14'),
(10258, 'ERNSH', 1, '2016-07-15'),
(10259, 'CENTC', 4, '2016-07-15'),
(10260, 'OTTIK', 4, '2016-07-18'),
(10261, 'QUEDE', 4, '2016-07-19'),
(10262, 'RATTC', 8, '2016-07-19'),
(10263, 'ERNSH', 9, '2016-07-22'),
(10264, 'FOLKO', 6, '2016-07-23'),
(10265, 'BLONP', 2, '2016-07-24'),
(10266, 'WARTH', 3, '2016-07-25'),
(10267, 'FRANK', 4, '2016-07-26'),
(10268, 'GROSR', 8, '2016-07-27'),
(10269, 'WHITC', 5, '2016-07-28'),
(10270, 'WARTH', 1, '2016-07-30'),
(10271, 'SPLIR', 6, '2016-08-01'),
(10272, 'RATTC', 6, '2016-08-01'),
(10273, 'QUICK', 3, '2016-08-02'),
(10274, 'VINET', 6, '2016-08-02'),
(10275, 'MAGAA', 1, '2016-08-03'),
(10276, 'TORTU', 8, '2016-08-03'),
(10277, 'MORGK', 2, '2016-08-05'),
(10278, 'BERGS', 8, '2016-08-05'),
(10279, 'LEHMS', 8, '2016-08-06'),
(10280, 'BERGS', 2, '2016-08-06'),
(10281, 'ROMEY', 4, '2016-08-07'),
(10282, 'ROMEY', 4, '2016-08-08'),
(10283, 'LILAS', 3, '2016-08-08'),
(10284, 'LEHMS', 4, '2016-08-11'),
(10285, 'QUICK', 1, '2016-08-11'),
(10286, 'QUICK', 8, '2016-08-11'),
(10287, 'RICAR', 8, '2016-08-12'),
(10288, 'REGGC', 4, '2016-08-12'),
(10289, 'BSBEV', 7, '2016-08-13'),
(10290, 'COMMI', 8, '2016-08-13'),
(10291, 'QUEDE', 6, '2016-08-14'),
(10292, 'TRADH', 1, '2016-08-14'),
(10293, 'TORTU', 1, '2016-08-14'),
(10294, 'RATTC', 4, '2016-08-15'),
(10295, 'VINET', 2, '2016-08-15'),
(10296, 'LILAS', 6, '2016-08-15'),
(10297, 'BLONP', 5, '2016-08-16'),
(10298, 'HUNGO', 6, '2016-08-16'),
(10299, 'RICAR', 4, '2016-08-16'),
(10300, 'MAGAA', 2, '2016-08-17'),
(10301, 'WANDK', 8, '2016-08-17'),
(10302, 'SUPRD', 4, '2016-08-18'),
(10303, 'GODOS', 7, '2016-08-18'),
(10304, 'TORTU', 1, '2016-08-19'),
(10305, 'OLDWO', 8, '2016-08-21'),
(10306, 'ROMEY', 1, '2016-08-21'),
(10307, 'LONEP', 2, '2016-08-21'),
(10308, 'ANATR', 7, '2016-08-22'),
(10309, 'HUNGO', 3, '2016-08-22'),
(10310, 'THEBI', 8, '2016-08-23'),
(10311, 'DUMON', 1, '2016-08-23'),
(10312, 'WANDK', 2, '2016-08-24'),
(10313, 'QUICK', 2, '2016-08-25'),
(10314, 'RATTC', 1, '2016-08-26'),
(10315, 'ISLAT', 4, '2016-08-28'),
(10316, 'RATTC', 1, '2016-08-29'),
(10317, 'LONEP', 6, '2016-08-30'),
(10318, 'ISLAT', 8, '2016-09-01'),
(10319, 'TORTU', 7, '2016-09-01'),
(10320, 'WARTH', 5, '2016-09-02'),
(10321, 'ISLAT', 3, '2016-09-02'),
(10322, 'PERIC', 7, '2016-09-03'),
(10323, 'KOENE', 4, '2016-09-03'),
(10324, 'SAVEA', 9, '2016-09-03'),
(10325, 'KOENE', 1, '2016-09-04'),
(10326, 'BOLID', 4, '2016-09-04'),
(10327, 'FOLKO', 2, '2016-09-05'),
(10328, 'FURIB', 4, '2016-09-06'),
(10329, 'SPLIR', 4, '2016-09-06'),
(10330, 'LILAS', 3, '2016-09-07'),
(10331, 'BONAP', 9, '2016-09-07'),
(10332, 'MEREP', 3, '2016-09-07'),
(10333, 'WARTH', 5, '2016-09-08'),
(10334, 'VICTE', 8, '2016-09-08'),
(10335, 'HUNGO', 7, '2016-09-08'),
(10336, 'PRINI', 7, '2016-09-09'),
(10337, 'FRANK', 4, '2016-09-10'),
(10338, 'OLDWO', 4, '2016-09-10'),
(10339, 'MEREP', 2, '2016-09-10'),
(10340, 'BONAP', 1, '2016-09-11'),
(10341, 'SIMOB', 7, '2016-09-11'),
(10342, 'FRANK', 4, '2016-09-11'),
(10343, 'LEHMS', 4, '2016-09-12'),
(10344, 'WHITC', 4, '2016-09-12'),
(10345, 'QUICK', 2, '2016-09-12'),
(10346, 'RATTC', 3, '2016-09-13'),
(10347, 'FAMIA', 4, '2016-09-14'),
(10348, 'WANDK', 4, '2016-09-14'),
(10349, 'SPLIR', 7, '2016-09-14'),
(10350, 'LAMAI', 6, '2016-09-15'),
(10351, 'ERNSH', 1, '2016-09-16'),
(10352, 'FURIB', 3, '2016-09-16'),
(10353, 'PICCO', 7, '2016-09-16'),
(10354, 'PERIC', 8, '2016-09-17'),
(10355, 'AROUT', 6, '2016-09-17'),
(10356, 'WANDK', 6, '2016-09-17'),
(10357, 'LILAS', 1, '2016-09-18'),
(10358, 'LAMAI', 5, '2016-09-18'),
(10359, 'SEVES', 5, '2016-09-18'),
(10360, 'BLONP', 4, '2016-09-19'),
(10361, 'QUICK', 1, '2016-09-22'),
(10362, 'BONAP', 3, '2016-09-22'),
(10363, 'DRACD', 4, '2016-09-22'),
(10364, 'EASTC', 1, '2016-09-27'),
(10365, 'ANTON', 3, '2016-09-27'),
(10366, 'GALED', 8, '2016-09-29'),
(10367, 'VAFFE', 7, '2016-09-29'),
(10368, 'ERNSH', 2, '2016-09-30'),
(10369, 'SPLIR', 8, '2016-10-01'),
(10370, 'CHOPS', 6, '2016-10-01'),
(10371, 'LAMAI', 1, '2016-10-01'),
(10372, 'QUEEN', 5, '2016-10-03'),
(10373, 'HUNGO', 4, '2016-10-03'),
(10374, 'WOLZA', 1, '2016-10-04'),
(10375, 'HUNGC', 3, '2016-10-04'),
(10376, 'MEREP', 1, '2016-10-05'),
(10377, 'SEVES', 1, '2016-10-05'),
(10378, 'FOLKO', 5, '2016-10-06'),
(10379, 'QUEDE', 2, '2016-10-06'),
(10380, 'HUNGO', 8, '2016-10-07'),
(10381, 'LILAS', 3, '2016-10-08'),
(10382, 'ERNSH', 4, '2016-10-08'),
(10383, 'AROUT', 8, '2016-10-08'),
(10384, 'BERGS', 3, '2016-10-10'),
(10385, 'SPLIR', 1, '2016-10-10'),
(10386, 'FAMIA', 9, '2016-10-10'),
(10387, 'SANTG', 1, '2016-10-11'),
(10388, 'SEVES', 2, '2016-10-11'),
(10389, 'BOTTM', 4, '2016-10-11'),
(10390, 'ERNSH', 6, '2016-10-14'),
(10391, 'DRACD', 3, '2016-10-14'),
(10392, 'PICCO', 2, '2016-10-14'),
(10393, 'SAVEA', 1, '2016-10-15'),
(10394, 'HUNGC', 1, '2016-10-16'),
(10395, 'HILAA', 6, '2016-10-16'),
(10396, 'FRANK', 1, '2016-10-16'),
(10397, 'PRINI', 5, '2016-10-16'),
(10398, 'SAVEA', 2, '2016-10-17'),
(10399, 'VAFFE', 8, '2016-10-17'),
(10400, 'EASTC', 1, '2016-10-18'),
(10401, 'RATTC', 1, '2016-10-18'),
(10402, 'ERNSH', 8, '2016-10-18'),
(10403, 'ERNSH', 4, '2016-10-19'),
(10404, 'MAGAA', 2, '2016-10-19'),
(10405, 'LINOD', 1, '2016-10-19'),
(10406, 'QUEEN', 7, '2016-10-21'),
(10407, 'OTTIK', 2, '2016-10-21'),
(10408, 'FOLIG', 8, '2016-10-21'),
(10409, 'OCEAN', 3, '2016-10-21'),
(10410, 'BOTTM', 3, '2016-10-22'),
(10411, 'BOTTM', 9, '2016-10-23'),
(10412, 'WARTH', 8, '2016-10-24'),
(10413, 'LAMAI', 3, '2016-10-25'),
(10414, 'FAMIA', 2, '2016-10-26'),
(10415, 'HUNGC', 3, '2016-10-26'),
(10416, 'WARTH', 8, '2016-10-27'),
(10417, 'SIMOB', 4, '2016-10-27'),
(10418, 'QUICK', 4, '2016-10-27'),
(10419, 'RICSU', 4, '2016-10-27'),
(10420, 'WELLI', 3, '2016-10-28'),
(10421, 'QUEDE', 8, '2016-10-28'),
(10422, 'FRANS', 2, '2016-10-28'),
(10423, 'GOURL', 6, '2016-10-29'),
(10424, 'MEREP', 7, '2016-10-29'),
(10425, 'LAMAI', 6, '2016-10-29'),
(10426, 'GALED', 4, '2016-10-30'),
(10427, 'PICCO', 4, '2016-10-30'),
(10428, 'REGGC', 7, '2016-10-30'),
(10429, 'HUNGO', 3, '2016-10-31'),
(10430, 'ERNSH', 4, '2016-10-31'),
(10431, 'BOTTM', 4, '2016-10-31'),
(10432, 'SPLIR', 3, '2016-10-31'),
(10433, 'PRINI', 3, '2016-11-02'),
(10434, 'FOLKO', 3, '2016-11-02'),
(10435, 'CONSH', 8, '2016-11-02'),
(10436, 'BLONP', 3, '2016-11-03'),
(10437, 'WARTH', 8, '2016-11-03'),
(10438, 'TOMSP', 3, '2016-11-05'),
(10439, 'MEREP', 6, '2016-11-05'),
(10440, 'SAVEA', 4, '2016-11-05'),
(10441, 'OLDWO', 3, '2016-11-07'),
(10442, 'ERNSH', 3, '2016-11-07'),
(10443, 'REGGC', 8, '2016-11-07'),
(10444, 'BERGS', 3, '2016-11-08'),
(10445, 'BERGS', 3, '2016-11-08'),
(10446, 'TOMSP', 6, '2016-11-09'),
(10447, 'RICAR', 4, '2016-11-09'),
(10448, 'RANCH', 4, '2016-11-09'),
(10449, 'BLONP', 3, '2016-11-09'),
(10450, 'VICTE', 8, '2016-11-11'),
(10451, 'QUICK', 4, '2016-11-11'),
(10452, 'SAVEA', 8, '2016-11-11'),
(10453, 'AROUT', 1, '2016-11-12'),
(10454, 'LAMAI', 4, '2016-11-12'),
(10455, 'WARTH', 8, '2016-11-12'),
(10456, 'KOENE', 8, '2016-11-13'),
(10457, 'KOENE', 2, '2016-11-13'),
(10458, 'SUPRD', 7, '2016-11-13'),
(10459, 'VICTE', 4, '2016-11-13'),
(10460, 'FOLKO', 8, '2016-11-14'),
(10461, 'LILAS', 1, '2016-11-14'),
(10462, 'CONSH', 2, '2016-11-14'),
(10463, 'SUPRD', 5, '2016-11-15'),
(10464, 'FURIB', 4, '2016-11-15'),
(10465, 'VAFFE', 1, '2016-11-15'),
(10466, 'COMMI', 4, '2016-11-15'),
(10467, 'MAGAA', 8, '2016-11-16'),
(10468, 'KOENE', 3, '2016-11-16'),
(10469, 'WHITC', 1, '2016-11-16'),
(10470, 'BONAP', 4, '2016-11-16'),
(10471, 'BSBEV', 2, '2016-11-17'),
(10472, 'SEVES', 8, '2016-11-17'),
(10473, 'ISLAT', 1, '2016-11-17'),
(10474, 'PERIC', 5, '2016-11-17'),
(10475, 'SUPRD', 9, '2016-11-18'),
(10476, 'HILAA', 8, '2016-11-18'),
(10477, 'PRINI', 5, '2016-11-18'),
(10478, 'VICTE', 2, '2016-11-18'),
(10479, 'RATTC', 3, '2016-11-19'),
(10480, 'FOLIG', 6, '2016-11-19'),
(10481, 'RICAR', 8, '2016-11-19'),
(10482, 'LAZYK', 1, '2016-11-21'),
(10483, 'WHITC', 7, '2016-11-21'),
(10484, 'BSBEV', 3, '2016-11-21'),
(10485, 'LINOD', 4, '2016-11-22'),
(10486, 'HILAA', 1, '2016-11-22'),
(10487, 'QUEEN', 2, '2016-11-22'),
(10488, 'FRANK', 8, '2016-11-26'),
(10489, 'PICCO', 6, '2016-11-26'),
(10490, 'HILAA', 7, '2016-11-26'),
(10491, 'FURIB', 8, '2016-11-26');

-- --------------------------------------------------------


-- Estructura de tabla para la tabla `Productos`


CREATE TABLE `Productos` (
  `IdProducto` int(11) NOT NULL,
  `NomProducto` varchar(40) DEFAULT NULL,
  `Proveedor` int(11) DEFAULT NULL,
  `Categoria` int(11) DEFAULT NULL,
  `Precio` int(11) DEFAULT NULL,
  `Existencias` int(11) DEFAULT NULL
);


-- Volcado de datos para la tabla `Productos`


INSERT INTO `Productos` (`IdProducto`, `NomProducto`, `Proveedor`, `Categoria`, `Precio`, `Existencias`) VALUES
(1, 'Té Dharamsala', 1, 1, 18, 39),
(2, 'Cerveza tibetana Barley', 1, 1, 19, 17),
(3, 'Sirope de regaliz', 1, 2, 10, 13),
(4, 'Especias Cajun del chef Anton', 2, 2, 22, 53),
(5, 'Mezcla Gumbo del chef Anton', 2, 2, 21, 0),
(6, 'Mermelada de grosellas de la abuela', 3, 2, 25, 120),
(7, 'Peras secas orgánicas del tío Bob', 3, 7, 30, 15),
(8, 'Salsa de arándanos Northwoods', 3, 2, 40, 6),
(9, 'Buey Mishi Kobe', 4, 6, 97, 29),
(10, 'Pez espada', 4, 8, 31, 31),
(11, 'Queso Cabrales', 5, 4, 21, 22),
(12, 'Queso Manchego La Pastora', 5, 4, 38, 86),
(13, 'Algas Konbu', 6, 8, 6, 24),
(14, 'Cuajada de judías', 6, 7, 23, 35),
(15, 'Salsa de soja baja en sodio', 6, 2, 16, 39),
(16, 'Postre de merengue Pavlova', 7, 3, 17, 29),
(17, 'Cordero Alice Springs', 7, 6, 39, 0),
(18, 'Langostinos tigre Carnarvon', 7, 8, 63, 42),
(19, 'Pastas de té de chocolate', 8, 3, 9, 25),
(20, 'Mermelada de Sir Rodney\'s', 8, 3, 81, 40),
(21, 'Bollos de Sir Rodney\'s', 8, 3, 10, 3),
(22, 'Pan de centeno crujiente estilo Gustaf\'s', 9, 5, 21, 104),
(23, 'Pan fino', 9, 5, 9, 61),
(24, 'Refresco Guaraná Fantástica', 10, 1, 5, 20),
(25, 'Crema de chocolate y nueces NuNuCa', 11, 3, 14, 76),
(26, 'Ositos de goma Gumbar', 11, 3, 31, 15),
(27, 'Chocolate Schoggi', 11, 3, 44, 49),
(28, 'Col fermentada Rossle', 12, 7, 46, 26),
(29, 'Salchicha Thuringer', 12, 6, 124, 0),
(30, 'Arenque blanco del noroeste', 13, 8, 26, 10),
(31, 'Queso gorgonzola Telino', 14, 4, 13, 0),
(32, 'Queso Mascarpone Fabioli', 14, 4, 32, 9),
(33, 'Queso de cabra', 15, 4, 3, 112),
(34, 'Cerveza Sasquatch', 16, 1, 14, 111),
(35, 'Cerveza negra Steeleye', 16, 1, 18, 20),
(36, 'Escabeche de arenque', 17, 8, 19, 112),
(37, 'Salmón ahumado Gravad', 17, 8, 26, 11),
(38, 'Vino Cote de Blaye', 18, 1, 264, 17),
(39, 'Licor verde Chartreuse', 18, 1, 18, 69),
(40, 'Carne de cangrejo de Boston', 19, 8, 18, 123),
(41, 'Crema de almejas estilo Nueva Inglaterra', 19, 8, 10, 85),
(42, 'Tallarines de Singapur', 20, 5, 14, 26),
(43, 'Café de Malasia', 20, 1, 46, 17),
(44, 'Azúcar negra Malacca', 20, 2, 19, 27),
(45, 'Arenque ahumado', 21, 8, 10, 5),
(46, 'Arenque salado', 21, 8, 12, 95),
(47, 'Galletas Zaanse', 22, 3, 10, 36),
(48, 'Chocolate holandés', 22, 3, 13, 15),
(49, 'Regaliz', 23, 3, 20, 10),
(50, 'Chocolate blanco', 23, 3, 16, 65),
(51, 'Manzanas secas Manjimup', 24, 7, 53, 20),
(52, 'Cereales para Filo', 24, 5, 7, 38),
(53, 'Empanada de carne', 24, 6, 33, 0),
(54, 'Empanada de cerdo', 25, 6, 7, 21),
(55, 'Paté chino', 25, 6, 24, 115),
(56, 'Gnocchi de la abuela Alicia', 26, 5, 38, 21),
(57, 'Raviolis Angelo', 26, 5, 20, 36),
(58, 'Caracoles de Borgoña', 27, 8, 13, 62),
(59, 'Raclet de queso Courdavault', 28, 4, 55, 79),
(60, 'Camembert Pierrot', 28, 4, 34, 19),
(61, 'Sirope de arce', 29, 2, 29, 113),
(62, 'Tarta de azúcar', 29, 3, 49, 17),
(63, 'Sandwich de vegetales', 7, 2, 44, 24),
(64, 'Bollos de pan de Wimmer', 12, 5, 33, 22),
(65, 'Salsa de pimiento picante de Luisiana', 2, 2, 21, 76),
(66, 'Especias picantes de Luisiana', 2, 2, 17, 4),
(67, 'Cerveza Laughing Lumberjack', 16, 1, 14, 52),
(68, 'Barras de pan de Escocia', 8, 3, 13, 6),
(69, 'Queso Gudbrandsdals', 15, 4, 36, 26),
(70, 'Cerveza Outback', 7, 1, 15, 15),
(71, 'Crema de queso Flotemys', 15, 4, 22, 26),
(72, 'Queso Mozzarella Giovanni', 14, 4, 35, 14),
(73, 'Caviar rojo', 17, 8, 15, 101),
(74, 'Queso de soja Longlife', 4, 7, 10, 4),
(75, 'Cerveza Klosterbier Rhanbru', 12, 1, 8, 125),
(76, 'Licor Cloudberry', 23, 1, 18, 57),
(77, 'Salsa verde original Frankfurter', 12, 2, 13, 32);

-- --------------------------------------------------------


-- Estructura de tabla para la tabla `Proveedores`


CREATE TABLE `Proveedores` (
  `IdProveedor` int(11) NOT NULL,
  `Nombre` varchar(40) NOT NULL,
  `Contacto` varchar(30) NOT NULL,
  `CargoContacto` varchar(30) NOT NULL,
  `Direccion` varchar(60) NOT NULL,
  `Ciudad` varchar(15) NOT NULL,
  `Pais` varchar(15) NOT NULL,
  `Telefono` varchar(24) NOT NULL
);


-- Volcado de datos para la tabla `Proveedores`


INSERT INTO `Proveedores` (`IdProveedor`, `Nombre`, `Contacto`, `CargoContacto`, `Direccion`, `Ciudad`, `Pais`, `Telefono`) VALUES
(1, 'Exotic Liquids', 'Charlotte Cooper', 'Gerente de compras', '49 Gilbert St.', 'Londres', 'Reino Unido', '(171) 555-2222'),
(2, 'New Orleans Cajun Delights', 'Shelley Burke', 'Administrador de pedidos', 'P.O. Box 78934', 'New Orleans', 'Estados Unidos', '(100) 555-4822'),
(3, 'Grandma Kelly\'s Homestead', 'Regina Murphy', 'Representante de ventas', '707 Oxford Rd.', 'Ann Arbor', 'Estados Unidos', '(313) 555-5735'),
(4, 'Tokyo Traders', 'Yoshi Nagase', 'Gerente de marketing', '9-8 Sekimai Musashino-shi', 'Tokyo', 'Japón', '(03) 3555-5011'),
(5, 'Cooperativa de Quesos \'Las Cabras\'', 'Antonio del Valle Saavedra ', 'Administrador de exportaciones', 'Calle del Rosal 4', 'Oviedo', 'España', '(98) 598 76 54'),
(6, 'Mayumi\'s', 'Mayumi Ohno', 'Representante de marketing', '92 Setsuko Chuo-ku', 'Osaka', 'Japón', '(06) 431-7877'),
(7, 'Pavlova, Ltd.', 'Ian Devling', 'Gerente de marketing', '74 Rose St. Moonie Ponds', 'Melbourne', 'Australia', '(03) 444-2343'),
(8, 'Specialty Biscuits, Ltd.', 'Peter Wilson', 'Representante de ventas', '29 King\'s Way', 'Manchester', 'Reino Unido', '(161) 555-4448'),
(9, 'PB Knockebrad AB', 'Lars Peterson', 'Agente de ventas', 'Kaloadagatan 13', 'Góteborg', 'Suecia', '031-987 65 43'),
(10, 'Refrescos Americanas LTDA', 'Carlos Diaz', 'Gerente de marketing', 'Av. das Americanas 12.890', 'Sao Paulo', 'Brasil', '(11) 555 4640'),
(11, 'Heli Swaren GmbH  KG', 'Petra Winkler', 'Gerente de ventas', 'Tiergartenstrade 5', 'Berlín', 'Alemania', '(010) 9984510'),
(12, 'Plutzer Lebensmittelgromrkte AG', 'Martin Bein', 'Ger. marketing internacional', 'Bogenallee 51', 'Frankfurt', 'Alemania', '(069) 992755'),
(13, 'Nord-Ost-Fisch Handelsgesellschaft mbH', 'Sven Petersen', 'Coordinador de mercados', 'Frahmredder 112a', 'Cuxhaven', 'Alemania', '(04721) 8713'),
(14, 'Formaggi Fortini s.r.l.', 'Elio Rossi', 'Representante de ventas', 'Viale Dante, 75', 'Ravenna', 'Italia', '(0544) 60323'),
(15, 'Norske Meierier', 'Beate Vileid', 'Gerente de marketing', 'Hatlevegen 5', 'Sandvika', 'Noruega', '(0)2-953010'),
(16, 'Bigfoot Breweries', 'Cheryl Saylor', 'Repr. de cuentas regional', '3400 - 8th Avenue Suite 210', 'Bend', 'Estados Unidos', '(503) 555-9931'),
(17, 'Svensk Sjofda AB', 'Michael Bjorn', 'Representante de ventas', 'Brovallavagen 231', 'Stockholm', 'Suecia', '08-123 45 67'),
(18, 'Aux joyeux ecclesiastiques', 'Guylne Nodier', 'Gerente de ventas', '203, Rue des Francs-Bourgeois', 'París', 'Francia', '(1) 03.83.00.68'),
(19, 'New England Seafood Cannery', 'Robb Merchant', 'Agente de cuentas al por mayor', 'Order Processing Dept. 2100 Paul Revere Blvd.', 'Boston', 'Estados Unidos', '(617) 555-3267'),
(20, 'Leka Trading', 'Chandra Leka', 'Propietario', '471 Serangoon Loop, Suite #402', 'Singapore', 'Singapur', '555-8787'),
(21, 'Lyngbysild', 'Niels Petersen', 'Gerente de ventas', 'Lyngbysild Fiskebakken 10', 'Lyngby', 'Dinamarca', '43844108'),
(22, 'Zaanse Snoepfabriek', 'Dirk Luchte', 'Gerente de contabilidad', 'Verkoop Rijnweg 22', 'Zaandam', 'Holanda', '(12345) 1212'),
(23, 'Karkki Oy', 'Anne Heikkonen', 'Gerente de producción', 'Valtakatu 12', 'Lappeenranta', 'Finlandia', '(953) 10956'),
(24, 'G\'day, Mate', 'Wendy Mackenzie', 'Representante de ventas', '170 Prince Edward Parade Hunter\'s Hill', 'Sydney', 'Australia', '(02) 555-5914'),
(25, 'Ma Maison', 'Jean-Guy Lauzon', 'Gerente de marketing', '2960 Rue St. Laurent', 'Montreal', 'Canadá', '(514) 555-9022'),
(26, 'Pasta Buttini s.r.l.', 'Giovanni Giudici', 'Administrador de pedidos', 'Via dei Gelsomini, 153', 'Salerno', 'Italia', '(089) 6547665'),
(27, 'Escargots Nouveaux', 'Marie Delamare', 'Gerente de ventas', '22, rue H. Voiron', 'Montceau', 'Francia', '85.57.00.07'),
(28, 'Gai paturage', 'Eliane Noz', 'Representante de ventas', 'Bat. B 3, rue des Alpes', 'Annecy', 'Francia', '38.76.98.06'),
(29, 'Forts Rrables', 'Chantal Goulet', 'Gerente de contabilidad', '148 rue Chasseur', 'Ste-Hyacinthe', 'Canadá', '(514) 555-2955'),
(30, 'El pozo', 'Tomas Gomez', 'Director Comercial', 'C/Mayor 25 bajo', 'Murcia', 'España', '963 123 456');


-- Índices para tablas volcadas



-- Indices de la tabla `Categorias`

ALTER TABLE `Categorias`
  ADD PRIMARY KEY (`IdCategoria`);


-- Indices de la tabla `Clientes`

ALTER TABLE `Clientes`
  ADD PRIMARY KEY (`IdCliente`);


-- Indices de la tabla `Empleados`

ALTER TABLE `Empleados`
  ADD PRIMARY KEY (`IdEmpleado`),
  ADD KEY `Jefe` (`Jefe`);


-- Indices de la tabla `LineasPedido`

ALTER TABLE `LineasPedido`
  ADD PRIMARY KEY (`NumLinea`,`NumPedido`),
  ADD KEY `NumPedido` (`NumPedido`),
  ADD KEY `Producto` (`Producto`);


-- Indices de la tabla `Pedidos`

ALTER TABLE `Pedidos`
  ADD PRIMARY KEY (`NumPedido`),
  ADD KEY `Cliente` (`Cliente`),
  ADD KEY `Empleado` (`Empleado`);


-- Indices de la tabla `Productos`

ALTER TABLE `Productos`
  ADD PRIMARY KEY (`IdProducto`),
  ADD KEY `Categoria` (`Categoria`),
  ADD KEY `Proveedor` (`Proveedor`);


-- Indices de la tabla `Proveedores`

ALTER TABLE `Proveedores`
  ADD PRIMARY KEY (`IdProveedor`);


-- Restricciones para tablas volcadas



-- Filtros para la tabla `Empleados`

ALTER TABLE `Empleados`
  ADD CONSTRAINT `EmpleadosJefe` FOREIGN KEY (`Jefe`) REFERENCES `Empleados` (`IdEmpleado`);


-- Filtros para la tabla `LineasPedido`

ALTER TABLE `LineasPedido`
  ADD CONSTRAINT `LineasPedio` FOREIGN KEY (`NumPedido`) REFERENCES `Pedidos` (`NumPedido`),
  ADD CONSTRAINT `LineasProducto` FOREIGN KEY (`Producto`) REFERENCES `Productos` (`IdProducto`);


-- Filtros para la tabla `Pedidos`

ALTER TABLE `Pedidos`
  ADD CONSTRAINT `Pedidos_Cliente` FOREIGN KEY (`Cliente`) REFERENCES `Clientes` (`IdCliente`),
  ADD CONSTRAINT `Pedidos_Empleado` FOREIGN KEY (`Empleado`) REFERENCES `Empleados` (`IdEmpleado`);


-- Filtros para la tabla `Productos`

ALTER TABLE `Productos`
  ADD CONSTRAINT `ProductoCategoria` FOREIGN KEY (`Categoria`) REFERENCES `Categorias` (`IdCategoria`),
  ADD CONSTRAINT `ProductoProveedor` FOREIGN KEY (`Proveedor`) REFERENCES `Proveedores` (`IdProveedor`);